dim_M,dim_N,dim_K,Numpy_failed (1),Numpy_time (s),CudaGlobalMemory_failed (1),CudaGlobalMemory_time (s),CudaSharedMemory_failed (1),CudaSharedMemory_time (s),CupyMatmul_failed (1),CupyMatmul_time (s),CupyDot_failed (1),CupyDot_time (s)
4,1024,1024,0,0.0003261566162109375,0,0.001348733901977539,0,0.004580497741699219,0,0.009117364883422852,0,0.0006501674652099609
8,1024,1024,0,0.00014090538024902344,0,0.001978158950805664,0,0.004682302474975586,0,0.0007524490356445312,0,0.0006029605865478516
12,1024,1024,0,0.00012636184692382812,0,0.0013277530670166016,0,0.00462031364440918,0,0.0006899833679199219,0,0.0005936622619628906
16,1024,1024,0,0.00010538101196289062,0,0.00185394287109375,0,0.004630327224731445,0,0.0006692409515380859,0,0.00061798095703125
20,1024,1024,0,0.0001304149627685547,0,0.0015740394592285156,0,0.005123138427734375,0,0.0007524490356445312,0,0.0006330013275146484
24,1024,1024,0,0.00013518333435058594,0,0.0017406940460205078,0,0.004654884338378906,0,0.000698089599609375,0,0.0006170272827148438
28,1024,1024,0,0.00018477439880371094,0,0.0019176006317138672,0,0.005207061767578125,0,0.0006935596466064453,0,0.0006351470947265625
32,1024,1024,0,0.0001614093780517578,0,0.0020112991333007812,0,0.004652976989746094,0,0.0006911754608154297,0,0.0006785392761230469
36,1024,1024,0,0.00018858909606933594,0,0.0020575523376464844,0,0.005097150802612305,0,0.0007431507110595703,0,0.0006537437438964844
40,1024,1024,0,0.0001900196075439453,0,0.0021820068359375,0,0.004647731781005859,0,0.0006985664367675781,0,0.000659942626953125
44,1024,1024,0,0.0002167224884033203,0,0.0027484893798828125,0,0.004781246185302734,0,0.0007302761077880859,0,0.0006649494171142578
48,1024,1024,0,0.0002186298370361328,0,0.0022993087768554688,0,0.004648447036743164,0,0.0007073879241943359,0,0.000667572021484375
52,1024,1024,0,0.0002636909484863281,0,0.002935171127319336,0,0.0047283172607421875,0,0.000728607177734375,0,0.0006775856018066406
56,1024,1024,0,0.0002455711364746094,0,0.0024640560150146484,0,0.0047397613525390625,0,0.0007171630859375,0,0.0006766319274902344
60,1024,1024,0,0.0002777576446533203,0,0.0032508373260498047,0,0.004665851593017578,0,0.0007410049438476562,0,0.0006835460662841797
64,1024,1024,0,0.00027108192443847656,0,0.0028352737426757812,0,0.005307912826538086,0,0.0010235309600830078,0,0.0007441043853759766
68,1024,1024,0,0.0003075599670410156,0,0.0028743743896484375,0,0.004720211029052734,0,0.0008096694946289062,0,0.0007617473602294922
72,1024,1024,0,0.0003070831298828125,0,0.0029942989349365234,0,0.005333662033081055,0,0.0008175373077392578,0,0.0007431507110595703
76,1024,1024,0,0.00033664703369140625,0,0.003095865249633789,0,0.004697322845458984,0,0.0008211135864257812,0,0.0007576942443847656
80,1024,1024,0,0.0003387928009033203,0,0.003079652786254883,0,0.00522613525390625,0,0.0008182525634765625,0,0.0008077621459960938
84,1024,1024,0,0.0003650188446044922,0,0.003183603286743164,0,0.004820585250854492,0,0.0008289813995361328,0,0.0008358955383300781
88,1024,1024,0,0.0003590583801269531,0,0.004059314727783203,0,0.004781246185302734,0,0.0008471012115478516,0,0.0007772445678710938
92,1024,1024,0,0.0003962516784667969,0,0.0036427974700927734,0,0.004815816879272461,0,0.0008568763732910156,0,0.0007967948913574219
96,1024,1024,0,0.0004112720489501953,0,0.0043392181396484375,0,0.0047876834869384766,0,0.0008616447448730469,0,0.0008647441864013672
100,1024,1024,0,0.0004169940948486328,0,0.0038063526153564453,0,0.004766941070556641,0,0.0008594989776611328,0,0.0008022785186767578
104,1024,1024,0,0.0004215240478515625,0,0.004327535629272461,0,0.0047779083251953125,0,0.0008904933929443359,0,0.0008285045623779297
108,1024,1024,0,0.0004527568817138672,0,0.0038330554962158203,0,0.005364179611206055,0,0.0008940696716308594,0,0.0009024143218994141
112,1024,1024,0,0.0004436969757080078,0,0.004021883010864258,0,0.0047664642333984375,0,0.0008730888366699219,0,0.0008223056793212891
116,1024,1024,0,0.0004782676696777344,0,0.004049062728881836,0,0.005372762680053711,0,0.0008969306945800781,0,0.0008294582366943359
120,1024,1024,0,0.00048065185546875,0,0.004287004470825195,0,0.0047838687896728516,0,0.0009021759033203125,0,0.0008466243743896484
124,1024,1024,0,0.0005118846893310547,0,0.0045413970947265625,0,0.005270719528198242,0,0.0009000301361083984,0,0.000850677490234375
128,1024,1024,0,0.0005054473876953125,0,0.004502773284912109,0,0.004832744598388672,0,0.0009081363677978516,0,0.0008523464202880859
132,1024,1024,0,0.0005371570587158203,0,0.005461215972900391,0,0.0048220157623291016,0,0.0010056495666503906,0,0.0009245872497558594
136,1024,1024,0,0.0005440711975097656,0,0.004732370376586914,0,0.004816770553588867,0,0.0009908676147460938,0,0.0009381771087646484
140,1024,1024,0,0.0005850791931152344,0,0.0052928924560546875,0,0.0048067569732666016,0,0.0009965896606445312,0,0.0009396076202392578
144,1024,1024,0,0.0005817413330078125,0,0.004719257354736328,0,0.004967927932739258,0,0.0009944438934326172,0,0.0009598731994628906
148,1024,1024,0,0.0006029605865478516,0,0.005523681640625,0,0.004844188690185547,0,0.0010268688201904297,0,0.0009551048278808594
152,1024,1024,0,0.0006024837493896484,0,0.005120038986206055,0,0.005634307861328125,0,0.0010390281677246094,0,0.0009739398956298828
156,1024,1024,0,0.0006227493286132812,0,0.005334615707397461,0,0.004918813705444336,0,0.0010151863098144531,0,0.0009644031524658203
160,1024,1024,0,0.0006263256072998047,0,0.005380153656005859,0,0.005430459976196289,0,0.0010428428649902344,0,0.0009903907775878906
164,1024,1024,0,0.0006794929504394531,0,0.005356788635253906,0,0.004930734634399414,0,0.001026153564453125,0,0.0009813308715820312
168,1024,1024,0,0.0007348060607910156,0,0.005227565765380859,0,0.005522251129150391,0,0.001028299331665039,0,0.0009868144989013672
172,1024,1024,0,0.0008015632629394531,0,0.005341291427612305,0,0.004938840866088867,0,0.0010547637939453125,0,0.0010797977447509766
176,1024,1024,0,0.0008625984191894531,0,0.006356716156005859,0,0.004886150360107422,0,0.0010433197021484375,0,0.0010132789611816406
180,1024,1024,0,0.0009315013885498047,0,0.005777597427368164,0,0.005038738250732422,0,0.001043558120727539,0,0.0010497570037841797
184,1024,1024,0,0.0009682178497314453,0,0.006663322448730469,0,0.004859209060668945,0,0.0010781288146972656,0,0.0010287761688232422
188,1024,1024,0,0.0010361671447753906,0,0.006071329116821289,0,0.00500798225402832,0,0.0010821819305419922,0,0.0010404586791992188
192,1024,1024,0,0.0010840892791748047,0,0.006764650344848633,0,0.004996299743652344,0,0.0010859966278076172,0,0.0010418891906738281
196,1024,1024,0,0.001140594482421875,0,0.006081819534301758,0,0.005879640579223633,0,0.001088857650756836,0,0.0010325908660888672
200,1024,1024,0,0.0011913776397705078,0,0.0060575008392333984,0,0.005044698715209961,0,0.0011110305786132812,0,0.0010623931884765625
204,1024,1024,0,0.0012066364288330078,0,0.0063610076904296875,0,0.005667924880981445,0,0.0011279582977294922,0,0.0010609626770019531
208,1024,1024,0,0.0011932849884033203,0,0.00626683235168457,0,0.005029916763305664,0,0.0011124610900878906,0,0.0010666847229003906
212,1024,1024,0,0.0012018680572509766,0,0.0066258907318115234,0,0.005750894546508789,0,0.0011119842529296875,0,0.0010573863983154297
216,1024,1024,0,0.0012087821960449219,0,0.00669407844543457,0,0.0050318241119384766,0,0.0011065006256103516,0,0.0010671615600585938
220,1024,1024,0,0.0041010379791259766,0,0.008013248443603516,0,0.005089521408081055,0,0.0012030601501464844,0,0.0011057853698730469
224,1024,1024,0,0.001216888427734375,0,0.007010221481323242,0,0.005099773406982422,0,0.001140594482421875,0,0.001085519790649414
228,1024,1024,0,0.0012118816375732422,0,0.0077381134033203125,0,0.004983425140380859,0,0.001173257827758789,0,0.0011126995086669922
232,1024,1024,0,0.0012400150299072266,0,0.006960630416870117,0,0.005047321319580078,0,0.0012004375457763672,0,0.0011374950408935547
236,1024,1024,0,0.001224517822265625,0,0.00782155990600586,0,0.005015134811401367,0,0.0011792182922363281,0,0.0011038780212402344
240,1024,1024,0,0.0012102127075195312,0,0.007193565368652344,0,0.005874156951904297,0,0.0012063980102539062,0,0.0011336803436279297
244,1024,1024,0,0.0012912750244140625,0,0.007448434829711914,0,0.005047798156738281,0,0.0012488365173339844,0,0.0011277198791503906
248,1024,1024,0,0.001332998275756836,0,0.00762176513671875,0,0.005830049514770508,0,0.0011954307556152344,0,0.00112152099609375
252,1024,1024,0,0.001373291015625,0,0.007531881332397461,0,0.005086421966552734,0,0.0011894702911376953,0,0.0011336803436279297
256,1024,1024,0,0.0014481544494628906,0,0.007673978805541992,0,0.005769968032836914,0,0.0012280941009521484,0,0.0011510848999023438
260,1024,1024,0,0.0015158653259277344,0,0.007651805877685547,0,0.00516510009765625,0,0.002052783966064453,0,0.001302480697631836
264,1024,1024,0,0.0015513896942138672,0,0.008942365646362305,0,0.005105495452880859,0,0.0012869834899902344,0,0.0012104511260986328
268,1024,1024,0,0.0016140937805175781,0,0.008016109466552734,0,0.005183696746826172,0,0.0012965202331542969,0,0.0012197494506835938
272,1024,1024,0,0.0016481876373291016,0,0.009480714797973633,0,0.005158662796020508,0,0.0013148784637451172,0,0.001230001449584961
276,1024,1024,0,0.0017404556274414062,0,0.00835871696472168,0,0.005162954330444336,0,0.0013079643249511719,0,0.0012383460998535156
280,1024,1024,0,0.0017917156219482422,0,0.009367942810058594,0,0.005133152008056641,0,0.0013129711151123047,0,0.0012421607971191406
284,1024,1024,0,0.0017039775848388672,0,0.008555173873901367,0,0.006227970123291016,0,0.001367330551147461,0,0.0012345314025878906
288,1024,1024,0,0.0015866756439208984,0,0.008379220962524414,0,0.005217075347900391,0,0.00133514404296875,0,0.001260995864868164
292,1024,1024,0,0.001537322998046875,0,0.008533716201782227,0,0.006203889846801758,0,0.0013418197631835938,0,0.0012633800506591797
296,1024,1024,0,0.0014369487762451172,0,0.008663177490234375,0,0.005227804183959961,0,0.0013246536254882812,0,0.0012459754943847656
300,1024,1024,0,0.0013663768768310547,0,0.009141921997070312,0,0.006213665008544922,0,0.0014007091522216797,0,0.001279592514038086
304,1024,1024,0,0.0012624263763427734,0,0.008929252624511719,0,0.0052454471588134766,0,0.0013196468353271484,0,0.0012407302856445312
308,1024,1024,0,0.0011756420135498047,0,0.01012420654296875,0,0.005240440368652344,0,0.0013620853424072266,0,0.0013287067413330078
312,1024,1024,0,0.0010988712310791016,0,0.00921320915222168,0,0.005233287811279297,0,0.0013434886932373047,0,0.001260995864868164
316,1024,1024,0,0.0010197162628173828,0,0.010316133499145508,0,0.005190849304199219,0,0.0013823509216308594,0,0.0012998580932617188
320,1024,1024,0,0.0009272098541259766,0,0.00942230224609375,0,0.005260944366455078,0,0.0014448165893554688,0,0.0013108253479003906
324,1024,1024,0,0.0009837150573730469,0,0.010517120361328125,0,0.005188941955566406,0,0.0014495849609375,0,0.0013077259063720703
328,1024,1024,0,0.0010309219360351562,0,0.009705066680908203,0,0.0063703060150146484,0,0.0014901161193847656,0,0.0013546943664550781
332,1024,1024,0,0.0011093616485595703,0,0.009692668914794922,0,0.005312204360961914,0,0.0015213489532470703,0,0.0013773441314697266
336,1024,1024,0,0.0011439323425292969,0,0.009936094284057617,0,0.006288290023803711,0,0.0014123916625976562,0,0.0013301372528076172
340,1024,1024,0,0.0012295246124267578,0,0.009980201721191406,0,0.005358219146728516,0,0.0013973712921142578,0,0.0013217926025390625
344,1024,1024,0,0.0012674331665039062,0,0.009963512420654297,0,0.006357669830322266,0,0.0014896392822265625,0,0.0013689994812011719
348,1024,1024,0,0.0013227462768554688,0,0.009925365447998047,0,0.005312681198120117,0,0.0014071464538574219,0,0.0013165473937988281
352,1024,1024,0,0.0013701915740966797,0,0.011284589767456055,0,0.0053119659423828125,0,0.0014824867248535156,0,0.001401662826538086
356,1024,1024,0,0.0014653205871582031,0,0.010291337966918945,0,0.005318641662597656,0,0.0014510154724121094,0,0.001369476318359375
360,1024,1024,0,0.0015552043914794922,0,0.011607170104980469,0,0.005367279052734375,0,0.0013492107391357422,0,0.0012629032135009766
364,1024,1024,0,0.0015888214111328125,0,0.010669231414794922,0,0.005404472351074219,0,0.0013077259063720703,0,0.0012285709381103516
368,1024,1024,0,0.0015921592712402344,0,0.011679649353027344,0,0.0053348541259765625,0,0.0013270378112792969,0,0.0012543201446533203
372,1024,1024,0,0.0016188621520996094,0,0.010702848434448242,0,0.006443023681640625,0,0.0013306140899658203,0,0.0012807846069335938
376,1024,1024,0,0.0015697479248046875,0,0.010727405548095703,0,0.005401134490966797,0,0.0013630390167236328,0,0.0012836456298828125
380,1024,1024,0,0.0016198158264160156,0,0.010832786560058594,0,0.006419658660888672,0,0.0013914108276367188,0,0.0012936592102050781
384,1024,1024,0,0.0015652179718017578,0,0.010875463485717773,0,0.005425453186035156,0,0.0013782978057861328,0,0.0012979507446289062
388,1024,1024,0,0.0016298294067382812,0,0.011234283447265625,0,0.006455659866333008,0,0.001436471939086914,0,0.0014009475708007812
392,1024,1024,0,0.0016078948974609375,0,0.01125955581665039,0,0.005435466766357422,0,0.0014848709106445312,0,0.0013499259948730469
396,1024,1024,0,0.0016055107116699219,0,0.012485742568969727,0,0.005375862121582031,0,0.0014276504516601562,0,0.0013496875762939453
400,1024,1024,0,0.0016014575958251953,0,0.011532783508300781,0,0.005536317825317383,0,0.0014710426330566406,0,0.0014162063598632812
404,1024,1024,0,0.0016827583312988281,0,0.012489557266235352,0,0.00540924072265625,0,0.001474618911743164,0,0.0014104843139648438
408,1024,1024,0,0.001708984375,0,0.011621952056884766,0,0.005563497543334961,0,0.0015285015106201172,0,0.001397848129272461
412,1024,1024,0,0.0018143653869628906,0,0.012708902359008789,0,0.005469560623168945,0,0.001466989517211914,0,0.0013701915740966797
416,1024,1024,0,0.0018508434295654297,0,0.011724233627319336,0,0.006571292877197266,0,0.0015139579772949219,0,0.0013909339904785156
420,1024,1024,0,0.0019237995147705078,0,0.011951208114624023,0,0.005490779876708984,0,0.0014562606811523438,0,0.0014081001281738281
424,1024,1024,0,0.0019371509552001953,0,0.012158870697021484,0,0.006540775299072266,0,0.0015137195587158203,0,0.0014531612396240234
428,1024,1024,0,0.0020258426666259766,0,0.012109994888305664,0,0.005568504333496094,0,0.0015115737915039062,0,0.001415252685546875
432,1024,1024,0,0.002054452896118164,0,0.012306690216064453,0,0.006520271301269531,0,0.001506805419921875,0,0.0014066696166992188
436,1024,1024,0,0.0021800994873046875,0,0.012257575988769531,0,0.00558018684387207,0,0.0014939308166503906,0,0.0014045238494873047
440,1024,1024,0,0.0022149085998535156,0,0.013464689254760742,0,0.005464315414428711,0,0.0015015602111816406,0,0.0014486312866210938
444,1024,1024,0,0.002090930938720703,0,0.012384414672851562,0,0.005533695220947266,0,0.0014946460723876953,0,0.001474142074584961
448,1024,1024,0,0.0020236968994140625,0,0.013661384582519531,0,0.005591869354248047,0,0.001566171646118164,0,0.0014808177947998047
452,1024,1024,0,0.002003908157348633,0,0.01272892951965332,0,0.005590915679931641,0,0.0016257762908935547,0,0.0014879703521728516
456,1024,1024,0,0.0018768310546875,0,0.01396489143371582,0,0.005631923675537109,0,0.0015883445739746094,0,0.0014524459838867188
460,1024,1024,0,0.0018606185913085938,0,0.013068437576293945,0,0.006715059280395508,0,0.0015573501586914062,0,0.0014257431030273438
464,1024,1024,0,0.0017771720886230469,0,0.013069391250610352,0,0.0055997371673583984,0,0.0015649795532226562,0,0.001550436019897461
468,1024,1024,0,0.001714468002319336,0,0.013112306594848633,0,0.006662130355834961,0,0.0015873908996582031,0,0.0014445781707763672
472,1024,1024,0,0.0016064643859863281,0,0.013192415237426758,0,0.005584716796875,0,0.0015978813171386719,0,0.0014944076538085938
476,1024,1024,0,0.001580953598022461,0,0.01337289810180664,0,0.006665229797363281,0,0.001592874526977539,0,0.0014984607696533203
480,1024,1024,0,0.0014905929565429688,0,0.013428926467895508,0,0.00568842887878418,0,0.0016560554504394531,0,0.0015022754669189453
484,1024,1024,0,0.0015747547149658203,0,0.014833688735961914,0,0.005728721618652344,0,0.0016443729400634766,0,0.0015254020690917969
488,1024,1024,0,0.0016200542449951172,0,0.013744354248046875,0,0.005565166473388672,0,0.0015633106231689453,0,0.0015370845794677734
492,1024,1024,0,0.0016243457794189453,0,0.014841556549072266,0,0.0056171417236328125,0,0.0015730857849121094,0,0.0014901161193847656
496,1024,1024,0,0.0017423629760742188,0,0.014023303985595703,0,0.005661725997924805,0,0.0015811920166015625,0,0.0015225410461425781
500,1024,1024,0,0.0017821788787841797,0,0.015008211135864258,0,0.00567626953125,0,0.0016314983367919922,0,0.0015370845794677734
504,1024,1024,0,0.0018610954284667969,0,0.014051675796508789,0,0.00686955451965332,0,0.0017058849334716797,0,0.0015821456909179688
508,1024,1024,0,0.0018489360809326172,0,0.014255285263061523,0,0.005647182464599609,0,0.0016942024230957031,0,0.001546621322631836
512,1024,1024,0,0.0019655227661132812,0,0.014403820037841797,0,0.006810903549194336,0,0.0016598701477050781,0,0.001546621322631836
516,1024,1024,0,0.0019478797912597656,0,0.014323711395263672,0,0.0056612491607666016,0,0.0031576156616210938,0,0.0016849040985107422
520,1024,1024,0,0.0026051998138427734,0,0.014543771743774414,0,0.00806736946105957,0,0.0019040107727050781,0,0.001744985580444336
524,1024,1024,0,0.0020287036895751953,0,0.014493703842163086,0,0.0057146549224853516,0,0.0018286705017089844,0,0.001688241958618164
528,1024,1024,0,0.002028226852416992,0,0.01607060432434082,0,0.005852699279785156,0,0.0018491744995117188,0,0.0017359256744384766
532,1024,1024,0,0.0020127296447753906,0,0.014667272567749023,0,0.005737781524658203,0,0.0018744468688964844,0,0.0017185211181640625
536,1024,1024,0,0.002147197723388672,0,0.01646137237548828,0,0.0058481693267822266,0,0.0018973350524902344,0,0.0017375946044921875
540,1024,1024,0,0.002016782760620117,0,0.01511526107788086,0,0.0057675838470458984,0,0.0018928050994873047,0,0.0017094612121582031
544,1024,1024,0,0.0020792484283447266,0,0.01677560806274414,0,0.005843400955200195,0,0.0019161701202392578,0,0.0017421245574951172
548,1024,1024,0,0.0020143985748291016,0,0.01508641242980957,0,0.007226467132568359,0,0.0018773078918457031,0,0.0016927719116210938
552,1024,1024,0,0.0020623207092285156,0,0.015168905258178711,0,0.005727052688598633,0,0.0018835067749023438,0,0.001745462417602539
556,1024,1024,0,0.0020036697387695312,0,0.01520848274230957,0,0.0073184967041015625,0,0.0019462108612060547,0,0.0017709732055664062
560,1024,1024,0,0.002062559127807617,0,0.015420913696289062,0,0.005840301513671875,0,0.0018956661224365234,0,0.001753091812133789
564,1024,1024,0,0.0021042823791503906,0,0.015573740005493164,0,0.007359981536865234,0,0.0019690990447998047,0,0.0018181800842285156
568,1024,1024,0,0.0021800994873046875,0,0.015808820724487305,0,0.005797147750854492,0,0.0018687248229980469,0,0.001703500747680664
572,1024,1024,0,0.002197742462158203,0,0.017274856567382812,0,0.0058400630950927734,0,0.001897573471069336,0,0.0017571449279785156
576,1024,1024,0,0.0023255348205566406,0,0.015913724899291992,0,0.005821943283081055,0,0.0019025802612304688,0,0.0017600059509277344
580,1024,1024,0,0.0023272037506103516,0,0.017441272735595703,0,0.005808115005493164,0,0.0019185543060302734,0,0.0017771720886230469
584,1024,1024,0,0.0024373531341552734,0,0.015987873077392578,0,0.005841732025146484,0,0.001909494400024414,0,0.001729726791381836
588,1024,1024,0,0.002709627151489258,0,0.018372297286987305,0,0.005890369415283203,0,0.0019457340240478516,0,0.0017845630645751953
592,1024,1024,0,0.0025336742401123047,0,0.016250133514404297,0,0.007411479949951172,0,0.001971006393432617,0,0.0018029212951660156
596,1024,1024,0,0.0025229454040527344,0,0.01631331443786621,0,0.005886077880859375,0,0.0020475387573242188,0,0.0018608570098876953
600,1024,1024,0,0.0026640892028808594,0,0.01656317710876465,0,0.007468223571777344,0,0.001967191696166992,0,0.0017883777618408203
604,1024,1024,0,0.0025565624237060547,0,0.01662278175354004,0,0.0058748722076416016,0,0.00199127197265625,0,0.0018253326416015625
608,1024,1024,0,0.00252532958984375,0,0.01680898666381836,0,0.007790565490722656,0,0.0021822452545166016,0,0.0019540786743164062
612,1024,1024,0,0.002446413040161133,0,0.016732215881347656,0,0.005964994430541992,0,0.002019643783569336,0,0.0018448829650878906
616,1024,1024,0,0.0024242401123046875,0,0.018321514129638672,0,0.005923748016357422,0,0.0020170211791992188,0,0.0018296241760253906
620,1024,1024,0,0.002321481704711914,0,0.016977310180664062,0,0.0060214996337890625,0,0.0020058155059814453,0,0.0018563270568847656
624,1024,1024,0,0.0023183822631835938,0,0.018623828887939453,0,0.006074666976928711,0,0.0020918846130371094,0,0.0019044876098632812
628,1024,1024,0,0.002210855484008789,0,0.017086505889892578,0,0.005988121032714844,0,0.0020058155059814453,0,0.0018415451049804688
632,1024,1024,0,0.0021986961364746094,0,0.01888418197631836,0,0.00614476203918457,0,0.0021016597747802734,0,0.0019240379333496094
636,1024,1024,0,0.002112150192260742,0,0.01746344566345215,0,0.0075190067291259766,0,0.002063274383544922,0,0.001894235610961914
640,1024,1024,0,0.0020487308502197266,0,0.017569541931152344,0,0.006142616271972656,0,0.0020868778228759766,0,0.0019207000732421875
644,1024,1024,0,0.002106189727783203,0,0.01756763458251953,0,0.007578372955322266,0,0.0020983219146728516,0,0.001936197280883789
648,1024,1024,0,0.0021767616271972656,0,0.017693281173706055,0,0.006052494049072266,0,0.002526521682739258,0,0.001964569091796875
652,1024,1024,0,0.0021741390228271484,0,0.01872110366821289,0,0.008420228958129883,0,0.0021314620971679688,0,0.00196075439453125
656,1024,1024,0,0.002294301986694336,0,0.017881155014038086,0,0.0061130523681640625,0,0.0021631717681884766,0,0.0019550323486328125
660,1024,1024,0,0.0030388832092285156,0,0.019642114639282227,0,0.006081819534301758,0,0.0021004676818847656,0,0.0019259452819824219
664,1024,1024,0,0.0024209022521972656,0,0.018132448196411133,0,0.0061070919036865234,0,0.002207040786743164,0,0.002034425735473633
668,1024,1024,0,0.0024352073669433594,0,0.01981067657470703,0,0.006124019622802734,0,0.0021293163299560547,0,0.0019452571868896484
672,1024,1024,0,0.0025343894958496094,0,0.018263578414916992,0,0.006058454513549805,0,0.002101898193359375,0,0.0019283294677734375
676,1024,1024,0,0.002540111541748047,0,0.01994180679321289,0,0.006186008453369141,0,0.0022215843200683594,0,0.0020856857299804688
680,1024,1024,0,0.002681732177734375,0,0.01848459243774414,0,0.007675647735595703,0,0.0021643638610839844,0,0.0020477771759033203
684,1024,1024,0,0.002642393112182617,0,0.0187222957611084,0,0.006195783615112305,0,0.002124786376953125,0,0.0019910335540771484
688,1024,1024,0,0.0026428699493408203,0,0.019603252410888672,0,0.007657051086425781,0,0.002148151397705078,0,0.0020186901092529297
692,1024,1024,0,0.0026252269744873047,0,0.018901586532592773,0,0.0061817169189453125,0,0.002237558364868164,0,0.002081155776977539
696,1024,1024,0,0.0026776790618896484,0,0.018908023834228516,0,0.007727861404418945,0,0.002154827117919922,0,0.001978158950805664
700,1024,1024,0,0.0027158260345458984,0,0.019968032836914062,0,0.0062105655670166016,0,0.0022170543670654297,0,0.0020377635955810547
704,1024,1024,0,0.00264739990234375,0,0.02055048942565918,0,0.006202220916748047,0,0.0021767616271972656,0,0.002023935317993164
708,1024,1024,0,0.002710103988647461,0,0.019191503524780273,0,0.006198406219482422,0,0.0022766590118408203,0,0.0021457672119140625
712,1024,1024,0,0.002629995346069336,0,0.02086663246154785,0,0.00634002685546875,0,0.0024051666259765625,0,0.002170562744140625
716,1024,1024,0,0.0027098655700683594,0,0.01960587501525879,0,0.00627446174621582,0,0.002245187759399414,0,0.0020914077758789062
720,1024,1024,0,0.0027074813842773438,0,0.02122354507446289,0,0.006209611892700195,0,0.0021719932556152344,0,0.0020248889923095703
724,1024,1024,0,0.0028769969940185547,0,0.019727230072021484,0,0.00782918930053711,0,0.0022466182708740234,0,0.002881288528442383
728,1024,1024,0,0.0027611255645751953,0,0.019869565963745117,0,0.007136344909667969,0,0.0022819042205810547,0,0.002131938934326172
732,1024,1024,0,0.0028743743896484375,0,0.019778013229370117,0,0.00787663459777832,0,0.002335071563720703,0,0.002155303955078125
736,1024,1024,0,0.0028896331787109375,0,0.019871950149536133,0,0.006270170211791992,0,0.003131866455078125,0,0.0021266937255859375
740,1024,1024,0,0.003000020980834961,0,0.0201113224029541,0,0.007802486419677734,0,0.002259492874145508,0,0.0021622180938720703
744,1024,1024,0,0.0030040740966796875,0,0.020214080810546875,0,0.006301164627075195,0,0.002269744873046875,0,0.002141714096069336
748,1024,1024,0,0.00310516357421875,0,0.021881103515625,0,0.006306886672973633,0,0.0022954940795898438,0,0.002128124237060547
752,1024,1024,0,0.0031638145446777344,0,0.02050638198852539,0,0.006345510482788086,0,0.002328634262084961,0,0.002142190933227539
756,1024,1024,0,0.0032112598419189453,0,0.021994829177856445,0,0.006294727325439453,0,0.0022733211517333984,0,0.0021772384643554688
760,1024,1024,0,0.0032291412353515625,0,0.020694971084594727,0,0.006375789642333984,0,0.002356290817260742,0,0.0021800994873046875
764,1024,1024,0,0.0031824111938476562,0,0.022098302841186523,0,0.006390094757080078,0,0.002330780029296875,0,0.0021686553955078125
768,1024,1024,0,0.0030214786529541016,0,0.020833253860473633,0,0.00785970687866211,0,0.0023145675659179688,0,0.0021829605102539062
772,1024,1024,0,0.002970457077026367,0,0.020867109298706055,0,0.00644373893737793,0,0.0024368762969970703,0,0.0022351741790771484
776,1024,1024,0,0.0027806758880615234,0,0.02102041244506836,0,0.007941722869873047,0,0.002320528030395508,0,0.0022182464599609375
780,1024,1024,0,0.002804994583129883,0,0.021195411682128906,0,0.007183551788330078,0,0.0023403167724609375,0,0.0021979808807373047
784,1024,1024,0,0.002748250961303711,0,0.02125692367553711,0,0.007957935333251953,0,0.0024585723876953125,0,0.002273082733154297
788,1024,1024,0,0.002655029296875,0,0.021275758743286133,0,0.006480693817138672,0,0.0023796558380126953,0,0.002207040786743164
792,1024,1024,0,0.0025663375854492188,0,0.022873878479003906,0,0.0065877437591552734,0,0.002463102340698242,0,0.002294301986694336
796,1024,1024,0,0.002468109130859375,0,0.02146601676940918,0,0.006462574005126953,0,0.002386331558227539,0,0.0022580623626708984
800,1024,1024,0,0.002437114715576172,0,0.02326345443725586,0,0.006500720977783203,0,0.002436399459838867,0,0.002249479293823242
804,1024,1024,0,0.002429962158203125,0,0.021744251251220703,0,0.007245063781738281,0,0.002397298812866211,0,0.0022132396697998047
808,1024,1024,0,0.0026025772094726562,0,0.023366212844848633,0,0.007251262664794922,0,0.002384662628173828,0,0.0022079944610595703
812,1024,1024,0,0.002643585205078125,0,0.021842002868652344,0,0.00798940658569336,0,0.0023708343505859375,0,0.002237558364868164
816,1024,1024,0,0.002697467803955078,0,0.022053003311157227,0,0.0065348148345947266,0,0.0024645328521728516,0,0.002284526824951172
820,1024,1024,0,0.0026552677154541016,0,0.022004365921020508,0,0.008413076400756836,0,0.0023670196533203125,0,0.0021986961364746094
824,1024,1024,0,0.002744436264038086,0,0.022017717361450195,0,0.006438493728637695,0,0.0024979114532470703,0,0.0023310184478759766
828,1024,1024,0,0.0028734207153320312,0,0.022247791290283203,0,0.008121728897094727,0,0.0024230480194091797,0,0.0022881031036376953
832,1024,1024,0,0.002859354019165039,0,0.022510051727294922,0,0.007453203201293945,0,0.0024983882904052734,0,0.0023818016052246094
836,1024,1024,0,0.0028867721557617188,0,0.024024248123168945,0,0.006498575210571289,0,0.0024390220642089844,0,0.0031206607818603516
840,1024,1024,0,0.002939462661743164,0,0.022637605667114258,0,0.006522417068481445,0,0.0033257007598876953,0,0.0023343563079833984
844,1024,1024,0,0.002997875213623047,0,0.024341106414794922,0,0.0065844058990478516,0,0.002491474151611328,0,0.002347230911254883
848,1024,1024,0,0.0029799938201904297,0,0.02283334732055664,0,0.0065267086029052734,0,0.0024538040161132812,0,0.002329587936401367
852,1024,1024,0,0.002905607223510742,0,0.02446436882019043,0,0.006640911102294922,0,0.0025284290313720703,0,0.0023407936096191406
856,1024,1024,0,0.0029811859130859375,0,0.023807287216186523,0,0.008141756057739258,0,0.002500295639038086,0,0.0023343563079833984
860,1024,1024,0,0.0029449462890625,0,0.023039817810058594,0,0.006537914276123047,0,0.00331878662109375,0,0.0023186206817626953
864,1024,1024,0,0.0031943321228027344,0,0.023328304290771484,0,0.008129358291625977,0,0.0024824142456054688,0,0.002339601516723633
868,1024,1024,0,0.002946138381958008,0,0.02330636978149414,0,0.006583213806152344,0,0.0024683475494384766,0,0.0022995471954345703
872,1024,1024,0,0.0030984878540039062,0,0.023444414138793945,0,0.008108377456665039,0,0.0024497509002685547,0,0.0022699832916259766
876,1024,1024,0,0.0029845237731933594,0,0.02354884147644043,0,0.006634235382080078,0,0.002538919448852539,0,0.002390146255493164
880,1024,1024,0,0.0030584335327148438,0,0.02510833740234375,0,0.0065877437591552734,0,0.0025124549865722656,0,0.002337932586669922
884,1024,1024,0,0.0030705928802490234,0,0.02378535270690918,0,0.00670170783996582,0,0.002548694610595703,0,0.0023965835571289062
888,1024,1024,0,0.003062009811401367,0,0.02542591094970703,0,0.006689310073852539,0,0.0025992393493652344,0,0.0024433135986328125
892,1024,1024,0,0.003160238265991211,0,0.02390289306640625,0,0.006715297698974609,0,0.003403186798095703,0,0.0024080276489257812
896,1024,1024,0,0.003156900405883789,0,0.025641441345214844,0,0.0067081451416015625,0,0.0025513172149658203,0,0.0024209022521972656
900,1024,1024,0,0.00328826904296875,0,0.024103879928588867,0,0.008345365524291992,0,0.0027632713317871094,0,0.0026204586029052734
904,1024,1024,0,0.0033533573150634766,0,0.024566173553466797,0,0.00677180290222168,0,0.003569364547729492,0,0.002568960189819336
908,1024,1024,0,0.0033881664276123047,0,0.024165630340576172,0,0.008164644241333008,0,0.002702474594116211,0,0.0025746822357177734
912,1024,1024,0,0.0034422874450683594,0,0.024406909942626953,0,0.00750732421875,0,0.002736806869506836,0,0.0034246444702148438
916,1024,1024,0,0.0034770965576171875,0,0.024501800537109375,0,0.00820159912109375,0,0.0026884078979492188,0,0.0025610923767089844
920,1024,1024,0,0.0035293102264404297,0,0.024621248245239258,0,0.007555484771728516,0,0.002729654312133789,0,0.0033724308013916016
924,1024,1024,0,0.0039441585540771484,0,0.02636098861694336,0,0.0075016021728515625,0,0.002750396728515625,0,0.002590656280517578
928,1024,1024,0,0.0034019947052001953,0,0.02486276626586914,0,0.006747245788574219,0,0.0027718544006347656,0,0.002605438232421875
932,1024,1024,0,0.0034008026123046875,0,0.027316808700561523,0,0.006746053695678711,0,0.002949953079223633,0,0.0025763511657714844
936,1024,1024,0,0.0034673213958740234,0,0.025034189224243164,0,0.0069408416748046875,0,0.0027773380279541016,0,0.0026383399963378906
940,1024,1024,0,0.0031900405883789062,0,0.02661299705505371,0,0.00757145881652832,0,0.0027120113372802734,0,0.002984762191772461
944,1024,1024,0,0.0031194686889648438,0,0.02521514892578125,0,0.00835871696472168,0,0.0028400421142578125,0,0.0026764869689941406
948,1024,1024,0,0.003154754638671875,0,0.02533721923828125,0,0.006754398345947266,0,0.0027430057525634766,0,0.002628803253173828
952,1024,1024,0,0.002968311309814453,0,0.026250600814819336,0,0.008697986602783203,0,0.002807140350341797,0,0.0026748180389404297
956,1024,1024,0,0.003004789352416992,0,0.025513648986816406,0,0.0067560672760009766,0,0.0027463436126708984,0,0.002604961395263672
960,1024,1024,0,0.0029599666595458984,0,0.026591777801513672,0,0.00835728645324707,0,0.002750873565673828,0,0.0026044845581054688
964,1024,1024,0,0.0029554367065429688,0,0.02565145492553711,0,0.006876230239868164,0,0.002750873565673828,0,0.0026323795318603516
968,1024,1024,0,0.003004312515258789,0,0.027953624725341797,0,0.006826162338256836,0,0.0035982131958007812,0,0.002710103988647461
972,1024,1024,0,0.0029621124267578125,0,0.025899171829223633,0,0.006952047348022461,0,0.0028526782989501953,0,0.0027017593383789062
976,1024,1024,0,0.0030498504638671875,0,0.027609586715698242,0,0.0069277286529541016,0,0.002771139144897461,0,0.0026504993438720703
980,1024,1024,0,0.0031180381774902344,0,0.0260927677154541,0,0.0071430206298828125,0,0.0028166770935058594,0,0.0026865005493164062
984,1024,1024,0,0.0032889842987060547,0,0.02857232093811035,0,0.006836414337158203,0,0.0036058425903320312,0,0.002610921859741211
988,1024,1024,0,0.0033233165740966797,0,0.026431560516357422,0,0.009244203567504883,0,0.0028657913208007812,0,0.0027043819427490234
992,1024,1024,0,0.0035247802734375,0,0.026578426361083984,0,0.006900310516357422,0,0.0028617382049560547,0,0.00269317626953125
996,1024,1024,0,0.0033118724822998047,0,0.026468276977539062,0,0.008451700210571289,0,0.003647327423095703,0,0.0027146339416503906
1000,1024,1024,0,0.0035839080810546875,0,0.02666330337524414,0,0.0070343017578125,0,0.0028290748596191406,0,0.002741575241088867
1004,1024,1024,0,0.0035407543182373047,0,0.027504920959472656,0,0.008486032485961914,0,0.002888917922973633,0,0.0026922225952148438
1008,1024,1024,0,0.003396749496459961,0,0.02694416046142578,0,0.007746458053588867,0,0.002815723419189453,0,0.0034732818603515625
1012,1024,1024,0,0.0034155845642089844,0,0.028564929962158203,0,0.0070209503173828125,0,0.002877950668334961,0,0.0027472972869873047
1016,1024,1024,0,0.003454446792602539,0,0.027086973190307617,0,0.00700068473815918,0,0.0032629966735839844,0,0.002755403518676758
1020,1024,1024,0,0.0034532546997070312,0,0.028759241104125977,0,0.007061004638671875,0,0.002870321273803711,0,0.0034415721893310547
1024,1024,1024,0,0.0033769607543945312,0,0.027234792709350586,0,0.007658958435058594,0,0.0028333663940429688,0,0.002684354782104492
1028,1024,1024,0,0.0034062862396240234,0,0.028881549835205078,0,0.007102489471435547,0,0.006493568420410156,0,0.0027344226837158203
1032,1024,1024,0,0.0034253597259521484,0,0.027366161346435547,0,0.009733200073242188,0,0.0030252933502197266,0,0.002736330032348633
1036,1024,1024,0,0.0042569637298583984,0,0.027518510818481445,0,0.007191896438598633,0,0.0030412673950195312,0,0.002770662307739258
1040,1024,1024,0,0.0033969879150390625,0,0.028466463088989258,0,0.009944438934326172,0,0.0030438899993896484,0,0.002780914306640625
1044,1024,1024,0,0.003696918487548828,0,0.027726411819458008,0,0.007101297378540039,0,0.003838062286376953,0,0.002742767333984375
1048,1024,1024,0,0.003637552261352539,0,0.027912616729736328,0,0.009975194931030273,0,0.003039121627807617,0,0.002796173095703125
1052,1024,1024,0,0.0037920475006103516,0,0.02800154685974121,0,0.0072019100189208984,0,0.0030417442321777344,0,0.0032689571380615234
1056,1024,1024,0,0.004160404205322266,0,0.029944181442260742,0,0.008025646209716797,0,0.0030596256256103516,0,0.002782106399536133
1060,1024,1024,0,0.0036890506744384766,0,0.02811574935913086,0,0.007261037826538086,0,0.003118276596069336,0,0.0028047561645507812
1064,1024,1024,0,0.0037064552307128906,0,0.031028032302856445,0,0.00722050666809082,0,0.0030481815338134766,0,0.002766132354736328
1068,1024,1024,0,0.0039479732513427734,0,0.02841472625732422,0,0.007307767868041992,0,0.0038836002349853516,0,0.002807140350341797
1072,1024,1024,0,0.003932952880859375,0,0.030653953552246094,0,0.008131980895996094,0,0.0030646324157714844,0,0.002812623977661133
1076,1024,1024,0,0.007318258285522461,0,0.02867865562438965,0,0.009258031845092773,0,0.0030982494354248047,0,0.0029010772705078125
1080,1024,1024,0,0.0041387081146240234,0,0.02866506576538086,0,0.007763385772705078,0,0.003177165985107422,0,0.0028591156005859375
1084,1024,1024,0,0.004161357879638672,0,0.028979778289794922,0,0.009334325790405273,0,0.003949403762817383,0,0.0028715133666992188
1088,1024,1024,0,0.01354074478149414,0,0.029254436492919922,0,0.007359743118286133,0,0.0031328201293945312,0,0.0028362274169921875
1092,1024,1024,0,0.0039005279541015625,0,0.0290071964263916,0,0.009395122528076172,0,0.006920576095581055,0,0.002785921096801758
1096,1024,1024,0,0.0039288997650146484,0,0.029077529907226562,0,0.007425546646118164,0,0.00379180908203125,0,0.0028269290924072266
1100,1024,1024,0,0.0038521289825439453,0,0.03176546096801758,0,0.007464408874511719,0,0.003938913345336914,0,0.002825498580932617
1104,1024,1024,0,0.003759145736694336,0,0.029312849044799805,0,0.007470130920410156,0,0.0039217472076416016,0,0.002852201461791992
1108,1024,1024,0,0.0037903785705566406,0,0.031394004821777344,0,0.007554292678833008,0,0.0039479732513427734,0,0.0028455257415771484
1112,1024,1024,0,0.00464177131652832,0,0.029420137405395508,0,0.007544040679931641,0,0.0031545162200927734,0,0.0028579235076904297
1116,1024,1024,0,0.0039174556732177734,0,0.03153586387634277,0,0.00745391845703125,0,0.0031397342681884766,0,0.002869129180908203
1120,1024,1024,0,0.006127357482910156,0,0.029741287231445312,0,0.009388923645019531,0,0.003167390823364258,0,0.0028884410858154297
1124,1024,1024,0,0.00565648078918457,0,0.029776334762573242,0,0.008262872695922852,0,0.0031435489654541016,0,0.002872467041015625
1128,1024,1024,0,0.005523681640625,0,0.029995203018188477,0,0.010104656219482422,0,0.003106355667114258,0,0.002881765365600586
1132,1024,1024,0,0.0036962032318115234,0,0.030040502548217773,0,0.007584810256958008,0,0.0031557083129882812,0,0.002856016159057617
1136,1024,1024,0,0.004114389419555664,0,0.030229806900024414,0,0.009664535522460938,0,0.003239870071411133,0,0.0029222965240478516
1140,1024,1024,0,0.0038521289825439453,0,0.03023076057434082,0,0.0077321529388427734,0,0.003215312957763672,0,0.002939462661743164
1144,1024,1024,0,0.003941535949707031,0,0.032250404357910156,0,0.007727861404418945,0,0.003229856491088867,0,0.002905607223510742
1148,1024,1024,0,0.004590034484863281,0,0.030384063720703125,0,0.0077610015869140625,0,0.0031991004943847656,0,0.0030205249786376953
1152,1024,1024,0,0.00776362419128418,0,0.03243660926818848,0,0.007813453674316406,0,0.003221273422241211,0,0.002932310104370117
1156,1024,1024,0,0.0054857730865478516,0,0.03057122230529785,0,0.007835626602172852,0,0.0033104419708251953,0,0.0029904842376708984
1160,1024,1024,0,0.004190683364868164,0,0.03319907188415527,0,0.007837057113647461,0,0.003209352493286133,0,0.002914905548095703
1164,1024,1024,0,0.004160881042480469,0,0.030781030654907227,0,0.009705543518066406,0,0.003283977508544922,0,0.003008604049682617
1168,1024,1024,0,0.004145145416259766,0,0.03087615966796875,0,0.007919549942016602,0,0.003241300582885742,0,0.002933502197265625
1172,1024,1024,0,0.004244565963745117,0,0.031026363372802734,0,0.010586261749267578,0,0.0032455921173095703,0,0.0029535293579101562
1176,1024,1024,0,0.004222869873046875,0,0.03188014030456543,0,0.00793313980102539,0,0.0032961368560791016,0,0.002971649169921875
1180,1024,1024,0,0.004145145416259766,0,0.0313417911529541,0,0.009929656982421875,0,0.003351926803588867,0,0.0038285255432128906
1184,1024,1024,0,0.0047016143798828125,0,0.031320810317993164,0,0.007988214492797852,0,0.003282308578491211,0,0.003775358200073242
1188,1024,1024,0,0.00455927848815918,0,0.033261775970458984,0,0.008770465850830078,0,0.0032644271850585938,0,0.0030007362365722656
1192,1024,1024,0,0.0041484832763671875,0,0.03154492378234863,0,0.00809168815612793,0,0.0035293102264404297,0,0.002980470657348633
1196,1024,1024,0,0.004156589508056641,0,0.03424572944641113,0,0.008101701736450195,0,0.003259420394897461,0,0.0030007362365722656
1200,1024,1024,0,0.00413203239440918,0,0.03176140785217285,0,0.00884699821472168,0,0.0032804012298583984,0,0.003008604049682617
1204,1024,1024,0,0.007903575897216797,0,0.03375077247619629,0,0.008179664611816406,0,0.0033168792724609375,0,0.0030362606048583984
1208,1024,1024,0,0.004633665084838867,0,0.03190946578979492,0,0.010030031204223633,0,0.0033278465270996094,0,0.0031468868255615234
1212,1024,1024,0,0.014737606048583984,0,0.03201770782470703,0,0.008136510848999023,0,0.003307342529296875,0,0.0036745071411132812
1216,1024,1024,0,0.0044400691986083984,0,0.03219461441040039,0,0.010096073150634766,0,0.00328826904296875,0,0.003010272979736328
1220,1024,1024,0,0.00514984130859375,0,0.032257080078125,0,0.008248329162597656,0,0.004088640213012695,0,0.003033876419067383
1224,1024,1024,0,0.14003968238830566,0,0.03210902214050293,0,0.009908914566040039,0,0.0032143592834472656,0,0.002965211868286133
1228,1024,1024,0,0.004666805267333984,0,0.03256726264953613,0,0.008147716522216797,0,0.0033032894134521484,0,0.0030488967895507812
1232,1024,1024,0,0.004609584808349609,0,0.034441471099853516,0,0.008222103118896484,0,0.003381490707397461,0,0.0030934810638427734
1236,1024,1024,0,0.004669904708862305,0,0.03330731391906738,0,0.008312463760375977,0,0.003371000289916992,0,0.003113985061645508
1240,1024,1024,0,0.004787921905517578,0,0.03461623191833496,0,0.008261680603027344,0,0.003398418426513672,0,0.003062725067138672
1244,1024,1024,0,0.007753133773803711,0,0.03276324272155762,0,0.008230924606323242,0,0.003414154052734375,0,0.0030815601348876953
1248,1024,1024,0,0.00461125373840332,0,0.03491950035095215,0,0.008324384689331055,0,0.003337860107421875,0,0.0030715465545654297
1252,1024,1024,0,0.007220745086669922,0,0.03302121162414551,0,0.01019906997680664,0,0.0034329891204833984,0,0.0031142234802246094
1256,1024,1024,0,0.00616908073425293,0,0.033016204833984375,0,0.008230447769165039,0,0.003317594528198242,0,0.003025531768798828
1260,1024,1024,0,0.004449129104614258,0,0.03320908546447754,0,0.010283708572387695,0,0.003374338150024414,0,0.0031125545501708984
1264,1024,1024,0,0.004220247268676758,0,0.033812761306762695,0,0.008251428604125977,0,0.0033330917358398438,0,0.003053903579711914
1268,1024,1024,0,0.004153251647949219,0,0.033333539962768555,0,0.010350704193115234,0,0.0033941268920898438,0,0.003131389617919922
1272,1024,1024,0,0.005318164825439453,0,0.03347921371459961,0,0.008359909057617188,0,0.003399372100830078,0,0.003113269805908203
1276,1024,1024,0,0.004071235656738281,0,0.03561115264892578,0,0.008480072021484375,0,0.003394603729248047,0,0.003108978271484375
1280,1024,1024,0,0.003842592239379883,0,0.034004926681518555,0,0.008449792861938477,0,0.003446340560913086,0,0.003159761428833008
1284,1024,1024,0,0.004106998443603516,0,0.03585481643676758,0,0.00861811637878418,0,0.003408670425415039,0,0.0031061172485351562
1288,1024,1024,0,0.004109621047973633,0,0.03381657600402832,0,0.008517980575561523,0,0.0034139156341552734,0,0.0031425952911376953
1292,1024,1024,0,0.004082441329956055,0,0.03592705726623535,0,0.008610248565673828,0,0.003445863723754883,0,0.0031554698944091797
1296,1024,1024,0,0.0041751861572265625,0,0.034096717834472656,0,0.011275768280029297,0,0.0034482479095458984,0,0.0031659603118896484
1300,1024,1024,0,0.004195690155029297,0,0.03413796424865723,0,0.008677244186401367,0,0.003450155258178711,0,0.0031588077545166016
1304,1024,1024,0,0.004650115966796875,0,0.03438401222229004,0,0.010656356811523438,0,0.003438711166381836,0,0.003156423568725586
1308,1024,1024,0,0.004256725311279297,0,0.0344538688659668,0,0.008675098419189453,0,0.003480195999145508,0,0.003183603286743164
1312,1024,1024,0,0.004446506500244141,0,0.03465008735656738,0,0.010613441467285156,0,0.003457784652709961,0,0.0031728744506835938
1316,1024,1024,0,0.0045166015625,0,0.034563302993774414,0,0.008707761764526367,0,0.003389120101928711,0,0.003122568130493164
1320,1024,1024,0,0.00446009635925293,0,0.03664350509643555,0,0.008730888366699219,0,0.0034475326538085938,0,0.003228902816772461
1324,1024,1024,0,0.004523038864135742,0,0.03480219841003418,0,0.008710384368896484,0,0.0035092830657958984,0,0.0032126903533935547
1328,1024,1024,0,0.019403934478759766,0,0.03694295883178711,0,0.00864100456237793,0,0.003719329833984375,0,0.003143310546875
1332,1024,1024,0,0.0045015811920166016,0,0.03496956825256348,0,0.008786439895629883,0,0.003416776657104492,0,0.0031671524047851562
1336,1024,1024,0,0.004578590393066406,0,0.03704190254211426,0,0.009342432022094727,0,0.003755331039428711,0,0.003162860870361328
1340,1024,1024,0,0.00455021858215332,0,0.0352323055267334,0,0.010652303695678711,0,0.0034720897674560547,0,0.003203868865966797
1344,1024,1024,0,0.010655403137207031,0,0.03532099723815918,0,0.00883173942565918,0,0.0034685134887695312,0,0.003200531005859375
1348,1024,1024,0,0.014500617980957031,0,0.035399675369262695,0,0.011652231216430664,0,0.003472566604614258,0,0.0032091140747070312
1352,1024,1024,0,0.005947589874267578,0,0.03552651405334473,0,0.008862018585205078,0,0.0035257339477539062,0,0.0032165050506591797
1356,1024,1024,0,0.0067708492279052734,0,0.03561592102050781,0,0.010856151580810547,0,0.0035247802734375,0,0.0031616687774658203
1360,1024,1024,0,0.004580259323120117,0,0.03558635711669922,0,0.009157180786132812,0,0.0034995079040527344,0,0.0031976699829101562
1364,1024,1024,0,0.004658937454223633,0,0.037680864334106445,0,0.008997917175292969,0,0.0035033226013183594,0,0.0032355785369873047
1368,1024,1024,0,0.004671335220336914,0,0.035869598388671875,0,0.009111881256103516,0,0.0035774707794189453,0,0.003253936767578125
1372,1024,1024,0,0.004789829254150391,0,0.038132429122924805,0,0.009035825729370117,0,0.003541231155395508,0,0.0033059120178222656
1376,1024,1024,0,0.0077800750732421875,0,0.03619956970214844,0,0.009043455123901367,0,0.0035142898559570312,0,0.003216981887817383
1380,1024,1024,0,0.0049915313720703125,0,0.03841519355773926,0,0.009845733642578125,0,0.004275798797607422,0,0.0032033920288085938
1384,1024,1024,0,0.004893302917480469,0,0.03636765480041504,0,0.010925531387329102,0,0.0035200119018554688,0,0.003514528274536133
1388,1024,1024,0,0.0049610137939453125,0,0.03642868995666504,0,0.009088754653930664,0,0.003545999526977539,0,0.0031893253326416016
1392,1024,1024,0,0.004992485046386719,0,0.03741049766540527,0,0.011025428771972656,0,0.0044002532958984375,0,0.003242015838623047
1396,1024,1024,0,0.005012989044189453,0,0.03657221794128418,0,0.009151935577392578,0,0.0035572052001953125,0,0.0032587051391601562
1400,1024,1024,0,0.00511479377746582,0,0.03679084777832031,0,0.0110931396484375,0,0.003549337387084961,0,0.0031974315643310547
1404,1024,1024,0,0.005308389663696289,0,0.03766965866088867,0,0.009154081344604492,0,0.004355669021606445,0,0.003254413604736328
1408,1024,1024,0,0.004934787750244141,0,0.03888845443725586,0,0.010012388229370117,0,0.0035572052001953125,0,0.0031540393829345703
1412,1024,1024,0,0.004930019378662109,0,0.037032365798950195,0,0.0101318359375,0,0.003736257553100586,0,0.0033500194549560547
1416,1024,1024,0,0.0049474239349365234,0,0.03972125053405762,0,0.009202957153320312,0,0.0037622451782226562,0,0.004041194915771484
1420,1024,1024,0,0.005287647247314453,0,0.03721189498901367,0,0.009269237518310547,0,0.0037741661071777344,0,0.0034134387969970703
1424,1024,1024,0,0.0046961307525634766,0,0.039206743240356445,0,0.009177923202514648,0,0.0037374496459960938,0,0.0034379959106445312
1428,1024,1024,0,0.005890607833862305,0,0.037464141845703125,0,0.012005805969238281,0,0.003751039505004883,0,0.0033957958221435547
1432,1024,1024,0,0.004541635513305664,0,0.03831768035888672,0,0.009325027465820312,0,0.003713846206665039,0,0.0033833980560302734
1436,1024,1024,0,0.004643678665161133,0,0.03767657279968262,0,0.011287212371826172,0,0.0037887096405029297,0,0.003454446792602539
1440,1024,1024,0,0.004479169845581055,0,0.037714242935180664,0,0.009314775466918945,0,0.003797769546508789,0,0.004092693328857422
1444,1024,1024,0,0.005265951156616211,0,0.037909746170043945,0,0.01199793815612793,0,0.003794431686401367,0,0.00344085693359375
1448,1024,1024,0,0.009756326675415039,0,0.03794121742248535,0,0.009352922439575195,0,0.0037903785705566406,0,0.003390789031982422
1452,1024,1024,0,0.0047032833099365234,0,0.04006361961364746,0,0.009405136108398438,0,0.003785848617553711,0,0.0033936500549316406
1456,1024,1024,0,0.004637956619262695,0,0.03809332847595215,0,0.00946187973022461,0,0.0037724971771240234,0,0.0034537315368652344
1460,1024,1024,0,0.004633426666259766,0,0.040897369384765625,0,0.010211944580078125,0,0.0037415027618408203,0,0.003360748291015625
1464,1024,1024,0,0.004760026931762695,0,0.038366079330444336,0,0.009465932846069336,0,0.0037925243377685547,0,0.0034911632537841797
1468,1024,1024,0,0.0049190521240234375,0,0.04042840003967285,0,0.010290145874023438,0,0.0045239925384521484,0,0.003481626510620117
1472,1024,1024,0,0.004953622817993164,0,0.03874778747558594,0,0.011562585830688477,0,0.004046201705932617,0,0.0033783912658691406
1476,1024,1024,0,0.004925251007080078,0,0.03863716125488281,0,0.009500503540039062,0,0.003794431686401367,0,0.0035905838012695312
1480,1024,1024,0,0.005065441131591797,0,0.039577484130859375,0,0.011535406112670898,0,0.004469633102416992,0,0.0033833980560302734
1484,1024,1024,0,0.005166769027709961,0,0.03954482078552246,0,0.010257244110107422,0,0.003727436065673828,0,0.0034093856811523438
1488,1024,1024,0,0.00500178337097168,0,0.03908038139343262,0,0.012033462524414062,0,0.0038650035858154297,0,0.003410816192626953
1492,1024,1024,0,0.004940032958984375,0,0.03887009620666504,0,0.009580850601196289,0,0.0038433074951171875,0,0.003418445587158203
1496,1024,1024,0,0.004977226257324219,0,0.04101705551147461,0,0.014329910278320312,0,0.0037298202514648438,0,0.003603219985961914
1500,1024,1024,0,0.005605220794677734,0,0.03909897804260254,0,0.009636402130126953,0,0.0038230419158935547,0,0.0034210681915283203
1504,1024,1024,0,0.0050389766693115234,0,0.04131746292114258,0,0.010507822036743164,0,0.003818511962890625,0,0.003455638885498047
1508,1024,1024,0,0.005641937255859375,0,0.04012751579284668,0,0.009757041931152344,0,0.0038471221923828125,0,0.004080057144165039
1512,1024,1024,0,0.005507469177246094,0,0.04225420951843262,0,0.009769916534423828,0,0.0038928985595703125,0,0.00410771369934082
1516,1024,1024,0,0.004925251007080078,0,0.03958463668823242,0,0.011579036712646484,0,0.003789186477661133,0,0.003458738327026367
1520,1024,1024,0,0.004907131195068359,0,0.03963971138000488,0,0.009708166122436523,0,0.003865480422973633,0,0.003489255905151367
1524,1024,1024,0,0.005634784698486328,0,0.03986763954162598,0,0.01176905632019043,0,0.003939151763916016,0,0.00345611572265625
1528,1024,1024,0,0.0050945281982421875,0,0.03977608680725098,0,0.009808063507080078,0,0.0038776397705078125,0,0.003553152084350586
1532,1024,1024,0,0.005248546600341797,0,0.0400080680847168,0,0.01176905632019043,0,0.0039055347442626953,0,0.003545999526977539
1536,1024,1024,0,0.00532221794128418,0,0.0406804084777832,0,0.009704351425170898,0,0.0038933753967285156,0,0.0034639835357666016
1540,1024,1024,0,0.005295515060424805,0,0.04700946807861328,0,0.009862661361694336,0,0.0038149356842041016,0,0.0034503936767578125
1544,1024,1024,0,0.005657672882080078,0,0.04036211967468262,0,0.00985574722290039,0,0.003927707672119141,0,0.0035185813903808594
1548,1024,1024,0,0.0053102970123291016,0,0.042755126953125,0,0.009870767593383789,0,0.003916025161743164,0,0.0034902095794677734
1552,1024,1024,0,0.0058324337005615234,0,0.04041433334350586,0,0.00989079475402832,0,0.003941059112548828,0,0.003494739532470703
1556,1024,1024,0,0.005670785903930664,0,0.042925119400024414,0,0.010279178619384766,0,0.003905773162841797,0,0.0034885406494140625
1560,1024,1024,0,0.005655527114868164,0,0.04125189781188965,0,0.012515068054199219,0,0.003838777542114258,0,0.0034835338592529297
1564,1024,1024,0,0.005517244338989258,0,0.04076504707336426,0,0.009963750839233398,0,0.003957271575927734,0,0.0034999847412109375
1568,1024,1024,0,0.0055806636810302734,0,0.04089021682739258,0,0.01233220100402832,0,0.0038957595825195312,0,0.0035409927368164062
1572,1024,1024,0,0.005616188049316406,0,0.040906667709350586,0,0.010021448135375977,0,0.0038993358612060547,0,0.0035276412963867188
1576,1024,1024,0,0.0054166316986083984,0,0.04113030433654785,0,0.012356042861938477,0,0.004361629486083984,0,0.003513813018798828
1580,1024,1024,0,0.0052220821380615234,0,0.041812896728515625,0,0.01064157485961914,0,0.003893613815307617,0,0.003526926040649414
1584,1024,1024,0,0.0053026676177978516,0,0.04348611831665039,0,0.010076522827148438,0,0.003889799118041992,0,0.003568410873413086
1588,1024,1024,0,0.005379438400268555,0,0.04137253761291504,0,0.01017451286315918,0,0.003936052322387695,0,0.00356292724609375
1592,1024,1024,0,0.005174875259399414,0,0.04371333122253418,0,0.013862848281860352,0,0.0038709640502929688,0,0.003573179244995117
1596,1024,1024,0,0.005735874176025391,0,0.04160428047180176,0,0.010197877883911133,0,0.003996849060058594,0,0.0036170482635498047
1600,1024,1024,0,0.0058057308197021484,0,0.044188499450683594,0,0.010986089706420898,0,0.004384756088256836,0,0.003651142120361328
1604,1024,1024,0,0.0052335262298583984,0,0.0417790412902832,0,0.012990951538085938,0,0.003771543502807617,0,0.004086017608642578
1608,1024,1024,0,0.005386829376220703,0,0.04185652732849121,0,0.010988235473632812,0,0.0039403438568115234,0,0.0036516189575195312
1612,1024,1024,0,0.0053141117095947266,0,0.042972564697265625,0,0.01331639289855957,0,0.003827333450317383,0,0.0036296844482421875
1616,1024,1024,0,0.0053043365478515625,0,0.042115211486816406,0,0.011181831359863281,0,0.003993034362792969,0,0.0036468505859375
1620,1024,1024,0,0.005434989929199219,0,0.04230380058288574,0,0.014046430587768555,0,0.00401616096496582,0,0.003651142120361328
1624,1024,1024,0,0.00547027587890625,0,0.042192697525024414,0,0.010316610336303711,0,0.003974437713623047,0,0.003554821014404297
1628,1024,1024,0,0.0056304931640625,0,0.044646501541137695,0,0.010313034057617188,0,0.003917217254638672,0,0.0035495758056640625
1632,1024,1024,0,0.00557398796081543,0,0.042342185974121094,0,0.010461091995239258,0,0.0040132999420166016,0,0.003638029098510742
1636,1024,1024,0,0.005727291107177734,0,0.04495859146118164,0,0.01038050651550293,0,0.0039365291595458984,0,0.003634214401245117
1640,1024,1024,0,0.005650997161865234,0,0.04278755187988281,0,0.010434150695800781,0,0.0040395259857177734,0,0.003639698028564453
1644,1024,1024,0,0.005722522735595703,0,0.04523468017578125,0,0.010874748229980469,0,0.003948211669921875,0,0.003657102584838867
1648,1024,1024,0,0.005679607391357422,0,0.042896270751953125,0,0.012671947479248047,0,0.003935337066650391,0,0.0036339759826660156
1652,1024,1024,0,0.00588226318359375,0,0.04303097724914551,0,0.010880231857299805,0,0.003976583480834961,0,0.0037298202514648438
1656,1024,1024,0,0.005738258361816406,0,0.04302167892456055,0,0.012847661972045898,0,0.003989219665527344,0,0.0036394596099853516
1660,1024,1024,0,0.005829811096191406,0,0.04310131072998047,0,0.010614633560180664,0,0.004007577896118164,0,0.0038576126098632812
1664,1024,1024,0,0.005686759948730469,0,0.04334712028503418,0,0.012978315353393555,0,0.0042650699615478516,0,0.0036668777465820312
1668,1024,1024,0,0.005745410919189453,0,0.0432744026184082,0,0.010654687881469727,0,0.004000186920166016,0,0.0037126541137695312
1672,1024,1024,0,0.005778074264526367,0,0.045699357986450195,0,0.014856815338134766,0,0.003995180130004883,0,0.0036754608154296875
1676,1024,1024,0,0.005725860595703125,0,0.04360532760620117,0,0.010609626770019531,0,0.004052162170410156,0,0.0036852359771728516
1680,1024,1024,0,0.005620718002319336,0,0.04631829261779785,0,0.010612726211547852,0,0.004027605056762695,0,0.003756999969482422
1684,1024,1024,0,0.005854606628417969,0,0.04367709159851074,0,0.011081933975219727,0,0.003932952880859375,0,0.0037293434143066406
1688,1024,1024,0,0.005795717239379883,0,0.046201467514038086,0,0.011237621307373047,0,0.0039958953857421875,0,0.003703594207763672
1692,1024,1024,0,0.005898475646972656,0,0.043906211853027344,0,0.012918949127197266,0,0.0040171146392822266,0,0.003720998764038086
1696,1024,1024,0,0.005959510803222656,0,0.04407906532287598,0,0.010637044906616211,0,0.004531145095825195,0,0.0036695003509521484
1700,1024,1024,0,0.006103992462158203,0,0.04415273666381836,0,0.013123035430908203,0,0.0039708614349365234,0,0.0037195682525634766
1704,1024,1024,0,0.00597691535949707,0,0.04411625862121582,0,0.010687589645385742,0,0.004029273986816406,0,0.003779888153076172
1708,1024,1024,0,0.006476640701293945,0,0.044452667236328125,0,0.013085126876831055,0,0.004001617431640625,0,0.003734111785888672
1712,1024,1024,0,0.006675004959106445,0,0.044313669204711914,0,0.011240482330322266,0,0.004002809524536133,0,0.0037603378295898438
1716,1024,1024,0,0.006455659866333008,0,0.048948049545288086,0,0.011573314666748047,0,0.003995418548583984,0,0.0037424564361572266
1720,1024,1024,0,0.006253719329833984,0,0.04835629463195801,0,0.010835409164428711,0,0.003985881805419922,0,0.0037431716918945312
1724,1024,1024,0,0.007344484329223633,0,0.048432111740112305,0,0.010849237442016602,0,0.004018545150756836,0,0.003761768341064453
1728,1024,1024,0,0.0061223506927490234,0,0.044855356216430664,0,0.010800361633300781,0,0.004181623458862305,0,0.0038247108459472656
1732,1024,1024,0,0.006101131439208984,0,0.04731130599975586,0,0.01127767562866211,0,0.0040357112884521484,0,0.0037887096405029297
1736,1024,1024,0,0.0060443878173828125,0,0.04503488540649414,0,0.013803482055664062,0,0.0040111541748046875,0,0.0038061141967773438
1740,1024,1024,0,0.009023666381835938,0,0.04517650604248047,0,0.010859966278076172,0,0.004099130630493164,0,0.003737926483154297
1744,1024,1024,0,0.005712270736694336,0,0.04532647132873535,0,0.013270139694213867,0,0.004083156585693359,0,0.0037407875061035156
1748,1024,1024,0,0.0058193206787109375,0,0.04825258255004883,0,0.011035680770874023,0,0.0040247440338134766,0,0.003795146942138672
1752,1024,1024,0,0.0057027339935302734,0,0.04539823532104492,0,0.013422966003417969,0,0.004057884216308594,0,0.003762483596801758
1756,1024,1024,0,0.005617380142211914,0,0.04551076889038086,0,0.011023998260498047,0,0.0040323734283447266,0,0.0038394927978515625
1760,1024,1024,0,0.005594015121459961,0,0.04779338836669922,0,0.013746023178100586,0,0.004051685333251953,0,0.0038056373596191406
1764,1024,1024,0,0.005506038665771484,0,0.04573678970336914,0,0.011534452438354492,0,0.004084110260009766,0,0.0038428306579589844
1768,1024,1024,0,0.005553245544433594,0,0.048117637634277344,0,0.011425256729125977,0,0.005009174346923828,0,0.003791332244873047
1772,1024,1024,0,0.00571894645690918,0,0.04590153694152832,0,0.011098384857177734,0,0.004093647003173828,0,0.0038013458251953125
1776,1024,1024,0,0.005663394927978516,0,0.0489964485168457,0,0.011840343475341797,0,0.004263162612915039,0,0.003823518753051758
1780,1024,1024,0,0.005829334259033203,0,0.046097517013549805,0,0.01377415657043457,0,0.0042002201080322266,0,0.0038564205169677734
1784,1024,1024,0,0.005748748779296875,0,0.04616951942443848,0,0.01567697525024414,0,0.004179716110229492,0,0.0038585662841796875
1788,1024,1024,0,0.005747795104980469,0,0.04643726348876953,0,0.014180183410644531,0,0.004118919372558594,0,0.00389862060546875
1792,1024,1024,0,0.00583648681640625,0,0.04632830619812012,0,0.011095046997070312,0,0.004147529602050781,0,0.003871440887451172
1796,1024,1024,0,0.0060350894927978516,0,0.046663522720336914,0,0.013736248016357422,0,0.00475311279296875,0,0.0038785934448242188
1800,1024,1024,0,0.005987882614135742,0,0.04655313491821289,0,0.011183023452758789,0,0.0048558712005615234,0,0.0038480758666992188
1804,1024,1024,0,0.008423805236816406,0,0.048985958099365234,0,0.011580705642700195,0,0.00409698486328125,0,0.0038640499114990234
1808,1024,1024,0,0.005960226058959961,0,0.04678988456726074,0,0.011785745620727539,0,0.004105567932128906,0,0.003902435302734375
1812,1024,1024,0,0.0060350894927978516,0,0.04932737350463867,0,0.011174678802490234,0,0.004128932952880859,0,0.0038700103759765625
1816,1024,1024,0,0.0059511661529541016,0,0.04696202278137207,0,0.011507987976074219,0,0.00413823127746582,0,0.003891468048095703
1820,1024,1024,0,0.0061151981353759766,0,0.0494539737701416,0,0.011248350143432617,0,0.004146575927734375,0,0.0038785934448242188
1824,1024,1024,0,0.0060901641845703125,0,0.04710245132446289,0,0.014368534088134766,0,0.00416874885559082,0,0.003957271575927734
1828,1024,1024,0,0.0060803890228271484,0,0.04720449447631836,0,0.011446237564086914,0,0.004179239273071289,0,0.003881692886352539
1832,1024,1024,0,0.005942344665527344,0,0.04743003845214844,0,0.013630867004394531,0,0.004172801971435547,0,0.003895998001098633
1836,1024,1024,0,0.006112813949584961,0,0.04743170738220215,0,0.01138925552368164,0,0.004147052764892578,0,0.0038924217224121094
1840,1024,1024,0,0.005975961685180664,0,0.04900813102722168,0,0.014456033706665039,0,0.004286766052246094,0,0.003945112228393555
1844,1024,1024,0,0.006139278411865234,0,0.0477142333984375,0,0.011549949645996094,0,0.0041654109954833984,0,0.003907680511474609
1848,1024,1024,0,0.006113290786743164,0,0.04995465278625488,0,0.011501550674438477,0,0.0041446685791015625,0,0.003912687301635742
1852,1024,1024,0,0.006979942321777344,0,0.04794669151306152,0,0.011382341384887695,0,0.004243373870849609,0,0.003954410552978516
1856,1024,1024,0,0.0063304901123046875,0,0.05119061470031738,0,0.011485576629638672,0,0.0042362213134765625,0,0.003958225250244141
1860,1024,1024,0,0.0064661502838134766,0,0.04799962043762207,0,0.01217198371887207,0,0.004302978515625,0,0.003932952880859375
1864,1024,1024,0,0.0063626766204833984,0,0.05058860778808594,0,0.01153421401977539,0,0.004158735275268555,0,0.0039157867431640625
1868,1024,1024,0,0.006539344787597656,0,0.04825782775878906,0,0.0155181884765625,0,0.004247903823852539,0,0.00402069091796875
1872,1024,1024,0,0.006521701812744141,0,0.048427581787109375,0,0.01157689094543457,0,0.004332065582275391,0,0.0039272308349609375
1876,1024,1024,0,0.006634235382080078,0,0.04841113090515137,0,0.014724016189575195,0,0.004617929458618164,0,0.0039403438568115234
1880,1024,1024,0,0.006620168685913086,0,0.04854440689086914,0,0.011656761169433594,0,0.00433659553527832,0,0.003995656967163086
1884,1024,1024,0,0.006503105163574219,0,0.04878115653991699,0,0.013894319534301758,0,0.004179477691650391,0,0.004026651382446289
1888,1024,1024,0,0.0064432621002197266,0,0.049272775650024414,0,0.011679887771606445,0,0.004250764846801758,0,0.003968477249145508
1892,1024,1024,0,0.006419181823730469,0,0.051095008850097656,0,0.014526844024658203,0,0.004251956939697266,0,0.003983259201049805
1896,1024,1024,0,0.006771087646484375,0,0.04885506629943848,0,0.011953115463256836,0,0.0042781829833984375,0,0.0040128231048583984
1900,1024,1024,0,0.006359577178955078,0,0.0514523983001709,0,0.011628866195678711,0,0.004388093948364258,0,0.00395512580871582
1904,1024,1024,0,0.010809898376464844,0,0.049353837966918945,0,0.011637687683105469,0,0.004258632659912109,0,0.00395655632019043
1908,1024,1024,0,0.00621342658996582,0,0.0516362190246582,0,0.011802434921264648,0,0.004220008850097656,0,0.003974437713623047
1912,1024,1024,0,0.00603485107421875,0,0.049396514892578125,0,0.017082691192626953,0,0.004216432571411133,0,0.003979206085205078
1916,1024,1024,0,0.006151914596557617,0,0.05017256736755371,0,0.012365102767944336,0,0.004277467727661133,0,0.003991365432739258
1920,1024,1024,0,0.0059812068939208984,0,0.04973602294921875,0,0.014116287231445312,0,0.0042607784271240234,0,0.0040056705474853516
1924,1024,1024,0,0.006022214889526367,0,0.04969596862792969,0,0.011851072311401367,0,0.004414558410644531,0,0.004192352294921875
1928,1024,1024,0,0.006101846694946289,0,0.04983711242675781,0,0.014255762100219727,0,0.004432201385498047,0,0.004180908203125
1932,1024,1024,0,0.0064356327056884766,0,0.04999828338623047,0,0.011855363845825195,0,0.0045244693756103516,0,0.004176616668701172
1936,1024,1024,0,0.00615692138671875,0,0.052900075912475586,0,0.011996746063232422,0,0.004413127899169922,0,0.004183769226074219
1940,1024,1024,0,0.006277799606323242,0,0.05007791519165039,0,0.011945962905883789,0,0.004533529281616211,0,0.004204988479614258
1944,1024,1024,0,0.0062906742095947266,0,0.05270051956176758,0,0.012072086334228516,0,0.004540920257568359,0,0.00420069694519043
1948,1024,1024,0,0.006374835968017578,0,0.050246477127075195,0,0.012043476104736328,0,0.004449367523193359,0,0.0042057037353515625
1952,1024,1024,0,0.00628352165222168,0,0.05634355545043945,0,0.011660099029541016,0,0.004532814025878906,0,0.004381895065307617
1956,1024,1024,0,0.006415843963623047,0,0.05112862586975098,0,0.015108823776245117,0,0.0044498443603515625,0,0.004221200942993164
1960,1024,1024,0,0.006493330001831055,0,0.05065464973449707,0,0.012072324752807617,0,0.0044901371002197266,0,0.004189014434814453
1964,1024,1024,0,0.006504535675048828,0,0.05108380317687988,0,0.014851093292236328,0,0.004533529281616211,0,0.004228830337524414
1968,1024,1024,0,0.006613492965698242,0,0.05073237419128418,0,0.012074947357177734,0,0.004571437835693359,0,0.004271030426025391
1972,1024,1024,0,0.006574153900146484,0,0.05099916458129883,0,0.014528036117553711,0,0.004517793655395508,0,0.0042819976806640625
1976,1024,1024,0,0.0068340301513671875,0,0.05095648765563965,0,0.012169122695922852,0,0.004528045654296875,0,0.004281759262084961
1980,1024,1024,0,0.006635427474975586,0,0.05335736274719238,0,0.01213383674621582,0,0.004500627517700195,0,0.004348278045654297
1984,1024,1024,0,0.00649261474609375,0,0.051611900329589844,0,0.012318849563598633,0,0.004503488540649414,0,0.004270792007446289
1988,1024,1024,0,0.0067594051361083984,0,0.053614139556884766,0,0.012430191040039062,0,0.004590749740600586,0,0.00423741340637207
1992,1024,1024,0,0.006540060043334961,0,0.0513455867767334,0,0.012618303298950195,0,0.004510164260864258,0,0.004273176193237305
1996,1024,1024,0,0.006591320037841797,0,0.054177045822143555,0,0.012109518051147461,0,0.004573345184326172,0,0.00433349609375
2000,1024,1024,0,0.0064849853515625,0,0.05166149139404297,0,0.014489889144897461,0,0.004591703414916992,0,0.0042912960052490234
2004,1024,1024,0,0.006872653961181641,0,0.05159449577331543,0,0.012396812438964844,0,0.0046117305755615234,0,0.004319429397583008
2008,1024,1024,0,0.00654149055480957,0,0.05177593231201172,0,0.017868518829345703,0,0.004575252532958984,0,0.004314899444580078
2012,1024,1024,0,0.006714582443237305,0,0.05185198783874512,0,0.012356996536254883,0,0.004626274108886719,0,0.004296302795410156
2016,1024,1024,0,0.006830930709838867,0,0.05198407173156738,0,0.014704227447509766,0,0.005395650863647461,0,0.004395484924316406
2020,1024,1024,0,0.006949901580810547,0,0.05208849906921387,0,0.012414693832397461,0,0.004617452621459961,0,0.00432133674621582
2024,1024,1024,0,0.006736278533935547,0,0.05438637733459473,0,0.012232542037963867,0,0.004624605178833008,0,0.004293203353881836
2028,1024,1024,0,0.007054328918457031,0,0.05250048637390137,0,0.012865543365478516,0,0.004604339599609375,0,0.004316091537475586
2032,1024,1024,0,0.006915092468261719,0,0.05471062660217285,0,0.012247085571289062,0,0.0045244693756103516,0,0.004389524459838867
2036,1024,1024,0,0.0071108341217041016,0,0.05313849449157715,0,0.012568235397338867,0,0.0045871734619140625,0,0.0043146610260009766
2040,1024,1024,0,0.007155656814575195,0,0.0556340217590332,0,0.013268470764160156,0,0.004664182662963867,0,0.004372358322143555
2044,1024,1024,0,0.0071446895599365234,0,0.05283546447753906,0,0.014669418334960938,0,0.004584312438964844,0,0.004352569580078125
2048,1024,1024,0,0.007020473480224609,0,0.052791595458984375,0,0.012443780899047852,0,0.0047647953033447266,0,0.004540205001831055
